{
  "project_info": {
    "project_number": "999148718945",
    "firebase_url": "https://barcode-2fb5f.firebaseio.com",
    "project_id": "barcode-2fb5f",
    "storage_bucket": "barcode-2fb5f.appspot.com"
  },
  "client": [
    {
      "client_info": {
        "mobilesdk_app_id": "1:999148718945:android:f1c34bc59a234333",
        "android_client_info": {
          "package_name": "com.example.barcodegoogle"
        }
      },
      "oauth_client": [
        {
          "client_id": "999148718945-5njpqtrupos577g08njdtnb9i9k74kuf.apps.googleusercontent.com",
          "client_type": 1,
          "android_info": {
            "package_name": "com.example.barcodegoogle",
            "certificate_hash": "0f910b8608d40ddaf47d769f59fa377d9ad161c6"
          }
        },
        {
          "client_id": "999148718945-pcfrq5c4oofhv2kfdr869n1lappn318s.apps.googleusercontent.com",
          "client_type": 3
        }
      ],
      "api_key": [
        {
          "current_key": "AIzaSyB6MmUyJSEF5bbAPYSb3MIYIK4SEstMiz0"
        }
      ],
      "services": {
        "analytics_service": {
          "status": 1
        },
        "appinvite_service": {
          "status": 2,
          "other_platform_oauth_client": [
            {
              "client_id": "999148718945-pcfrq5c4oofhv2kfdr869n1lappn318s.apps.googleusercontent.com",
              "client_type": 3
            }
          ]
        },
        "ads_service": {
          "status": 2
        }
      }
    },
    {
      "client_info": {
        "mobilesdk_app_id": "1:999148718945:android:d8d66cf56b90596b",
        "android_client_info": {
          "package_name": "com.example.cartapp"
        }
      },
      "oauth_client": [
        {
          "client_id": "999148718945-8pjq1ttf6lhveinikn84ecbbvcri094f.apps.googleusercontent.com",
          "client_type": 1,
          "android_info": {
            "package_name": "com.example.cartapp",
            "certificate_hash": "0f910b8608d40ddaf47d769f59fa377d9ad161c6"
          }
        },
        {
          "client_id": "999148718945-pcfrq5c4oofhv2kfdr869n1lappn318s.apps.googleusercontent.com",
          "client_type": 3
        }
      ],
      "api_key": [
        {
          "current_key": "AIzaSyB6MmUyJSEF5bbAPYSb3MIYIK4SEstMiz0"
        }
      ],
      "services": {
        "analytics_service": {
          "status": 1
        },
        "appinvite_service": {
          "status": 2,
          "other_platform_oauth_client": [
            {
              "client_id": "999148718945-pcfrq5c4oofhv2kfdr869n1lappn318s.apps.googleusercontent.com",
              "client_type": 3
            }
          ]
        },
        "ads_service": {
          "status": 2
        }
      }
    },
    {
      "client_info": {
        "mobilesdk_app_id": "1:999148718945:android:c6a1847451debba2",
        "android_client_info": {
          "package_name": "com.example.mobileapp"
        }
      },
      "oauth_client": [
        {
          "client_id": "999148718945-vumv4g521l3u2ph1ea18luqohgdoh0pi.apps.googleusercontent.com",
          "client_type": 1,
          "android_info": {
            "package_name": "com.example.mobileapp",
            "certificate_hash": "0f910b8608d40ddaf47d769f59fa377d9ad161c6"
          }
        },
        {
          "client_id": "999148718945-pcfrq5c4oofhv2kfdr869n1lappn318s.apps.googleusercontent.com",
          "client_type": 3
        }
      ],
      "api_key": [
        {
          "current_key": "AIzaSyB6MmUyJSEF5bbAPYSb3MIYIK4SEstMiz0"
        }
      ],
      "services": {
        "analytics_service": {
          "status": 1
        },
        "appinvite_service": {
          "status": 2,
          "other_platform_oauth_client": [
            {
              "client_id": "999148718945-pcfrq5c4oofhv2kfdr869n1lappn318s.apps.googleusercontent.com",
              "client_type": 3
            }
          ]
        },
        "ads_service": {
          "status": 2
        }
      }
    }
  ],
  "configuration_version": "1"
}